{
  "Positions": [
    [
      19.816513061523438,
      29.789880752563477
    ],
    [
      22.585290908813477,
      29.249813079833984
    ],
    [
      24.949045181274414,
      27.710180282592773
    ],
    [
      27.152482986450195,
      25.926883697509766
    ],
    [
      29.752082824707031,
      24.831491470336914
    ],
    [
      32.530235290527344,
      24.249658584594727
    ],
    [
      35.308387756347656,
      23.667825698852539
    ],
    [
      38.086540222167969,
      23.085992813110352
    ],
    [
      40.864692687988281,
      22.504159927368164
    ],
    [
      43.685371398925781,
      22.464376449584961
    ],
    [
      46.3148307800293,
      23.486011505126953
    ],
    [
      48.56768798828125,
      25.206453323364258
    ],
    [
      50.479206085205078,
      27.299627304077148
    ],
    [
      51.988624572753906,
      29.698993682861328
    ],
    [
      53.27984619140625,
      32.226722717285156
    ],
    [
      55.019683837890625,
      34.447257995605469
    ],
    [
      52.573707580566406,
      33.041915893554688
    ],
    [
      49.887657165527344,
      32.124416351318359
    ],
    [
      47.441680908203125,
      30.719074249267578
    ],
    [
      45.473087310791016,
      28.679487228393555
    ],
    [
      44.155246734619141,
      26.185274124145508
    ],
    [
      43.869716644287109,
      23.378805160522461
    ],
    [
      44.127521514892578,
      20.55211067199707
    ],
    [
      44.132297515869141,
      17.717453002929688
    ],
    [
      44.1370735168457,
      14.882798194885254
    ],
    [
      45.290969848632813,
      12.37742805480957
    ]
  ],
  "Headings": [
    -1.5710903276089994,
    -1.9557772861882938,
    -2.3404642447675883,
    -2.1619307203616245,
    -1.7772434954662231,
    -1.7772434954662231,
    -1.7772434954662231,
    -1.7772434954662231,
    -1.7772434954662231,
    -1.3925568032030355,
    -1.0078695783076341,
    -0.82933605390167031,
    -0.6508019968634926,
    -0.4722679398253149,
    -0.4722679398253149,
    -0.85695516472071631,
    -1.2416423896161177,
    -1.2416423896161177,
    -0.85695516472071631,
    -0.6784211076825386,
    -0.29373441541935108,
    0.090952276843836444,
    0.090952276843836444,
    -0.087581780194341263,
    0.090952276843836444,
    0.090952276843836444
  ],
  "HitchAngles": [
    -0.00020453077013371512,
    0.3845499389422713,
    0.64542147939683048,
    0.26835129463421481,
    -0.20384580510665273,
    -0.137031354931878,
    -0.091945635922741076,
    -0.061641526113476175,
    -0.041309889244871556,
    -0.41236652315461697,
    -0.66477666825932147,
    -0.63970833311259412,
    -0.62121534264633738,
    -0.60765239595184539,
    -0.41921351026417142,
    0.099817806885980076,
    0.51739487125200156,
    0.68064331585791393,
    0.503654358293204,
    0.48441215403908444,
    0.25342540868340535,
    -0.048511076776662776,
    -0.064515609539625984,
    0.092739790553650892,
    -0.055229166890455872,
    -0.073448384398773214
  ]
}