{
  "x": 21.9865074,
  "z": 29.7892418,
  "heading": 90.0168457,
  "hitchAngle": 0.0117111206,
  "steeringAngle": 0.0
}